sample_id,content,label,category,secondary_categories,domain,source_type,parent_pair_id,generation_family_id,difficulty,review_status,notes,author_id,reviewer_ids,split,seed,created_at,source_reference,creation_method,original_source_type,is_llm_generated,pair_relation,length_bucket,style
pilot-v1-p001-s,뚜껑도 열기 전인데 이 크림이면 붉은 기가 금방 가라앉을 게 분명해요.,SUSPICIOUS,EXPERIENCE_FREE_CLAIM,,cosmetics_health,synthetic,pilot-v1-p001,pilot-v1-family-001,easy,DRAFT,unverified_effect_certainty_vs_explicit_post_use_verification,codex,,,,2026-10-03,,codex_generated_candidate,,True,unverified_effect_certainty_vs_explicit_post_use_verification,short,concise
pilot-v1-p001-n,뚜껑을 열어 향과 발림만 확인했어요. 붉은 기가 줄어드는지는 며칠 더 써보려고 합니다.,NORMAL,EXPERIENCE_FREE_CLAIM,,cosmetics_health,synthetic,pilot-v1-p001,pilot-v1-family-001,easy,DRAFT,unverified_effect_certainty_vs_explicit_post_use_verification,codex,,,,2026-10-03,,codex_generated_candidate,,True,unverified_effect_certainty_vs_explicit_post_use_verification,short,concise
pilot-v1-p002-s,아직 맛보지는 않았지만 원료 구성을 보니 아침마다 먹으면 오후 피로가 확실히 줄겠습니다.,SUSPICIOUS,EXPERIENCE_FREE_CLAIM,,food,synthetic,pilot-v1-p002,pilot-v1-family-002,medium,DRAFT,nutrition_description_as_certain_result_vs_uncertain_expectation,codex,,,,2026-10-03,,codex_generated_candidate,,True,nutrition_description_as_certain_result_vs_uncertain_expectation,medium,polite
pilot-v1-p002-n,아직 맛보지는 않았지만 원료 구성은 괜찮아 보입니다. 오후 피로에 도움이 되는지는 먹어 본 뒤 판단하겠습니다.,NORMAL,EXPERIENCE_FREE_CLAIM,,food,synthetic,pilot-v1-p002,pilot-v1-family-002,medium,DRAFT,nutrition_description_as_certain_result_vs_uncertain_expectation,codex,,,,2026-10-03,,codex_generated_candidate,,True,nutrition_description_as_certain_result_vs_uncertain_expectation,medium,polite
pilot-v1-p003-s,설치 날짜가 남아서 전원도 못 켰어요. 그래도 소비 전력과 모터 설명을 보니 밤새 돌려도 소음 걱정 없이 몇 년은 거뜬하겠네요.,SUSPICIOUS,EXPERIENCE_FREE_CLAIM,,electronics,synthetic,pilot-v1-p003,pilot-v1-family-003,hard,DRAFT,specification_based_lifetime_claim_vs_observation_plan,codex,,,,2026-10-03,,codex_generated_candidate,,True,specification_based_lifetime_claim_vs_observation_plan,long,conversational
pilot-v1-p003-n,설치 날짜가 남아서 전원은 아직 못 켰어요. 소비 전력과 모터 설명은 마음에 들지만 밤 소음과 내구성은 직접 확인해 보려고요.,NORMAL,EXPERIENCE_FREE_CLAIM,,electronics,synthetic,pilot-v1-p003,pilot-v1-family-003,hard,DRAFT,specification_based_lifetime_claim_vs_observation_plan,codex,,,,2026-10-03,,codex_generated_candidate,,True,specification_based_lifetime_claim_vs_observation_plan,long,conversational
pilot-v1-p004-s,상자 안에서 재질만 봤는데 이 수납함은 습한 곳에서도 휘지 않고 오래 버틸 품질입니다.,SUSPICIOUS,EXPERIENCE_FREE_CLAIM,,household,synthetic,pilot-v1-p004,pilot-v1-family-004,medium,DRAFT,appearance_based_durability_certainty_vs_limited_preuse_impression,codex,,,,2026-10-03,,codex_generated_candidate,,True,appearance_based_durability_certainty_vs_limited_preuse_impression,medium,polite
pilot-v1-p004-n,상자 안에서 재질을 살펴보니 마감은 단단해 보입니다. 습한 곳에서 휘는지는 실제로 두고 확인해야 합니다.,NORMAL,EXPERIENCE_FREE_CLAIM,,household,synthetic,pilot-v1-p004,pilot-v1-family-004,medium,DRAFT,appearance_based_durability_certainty_vs_limited_preuse_impression,codex,,,,2026-10-03,,codex_generated_candidate,,True,appearance_based_durability_certainty_vs_limited_preuse_impression,medium,polite
pilot-v1-p005-s,아직 입어 보진 않았는데 체형 상관없이 잘 맞을 옷이라 주변에도 권했어요.,SUSPICIOUS,UNUSED_RECOMMENDATION,,fashion,synthetic,pilot-v1-p005,pilot-v1-family-005,easy,DRAFT,unused_universal_recommendation_vs_try_on_before_recommendation,codex,,,,2026-10-03,,codex_generated_candidate,,True,unused_universal_recommendation_vs_try_on_before_recommendation,short,conversational
pilot-v1-p005-n,아직 입어 보진 않았고 색만 확인했어요. 핏을 본 다음 비슷한 체형인 친구에게 알려 주려고요.,NORMAL,UNUSED_RECOMMENDATION,,fashion,synthetic,pilot-v1-p005,pilot-v1-family-005,easy,DRAFT,unused_universal_recommendation_vs_try_on_before_recommendation,codex,,,,2026-10-03,,codex_generated_candidate,,True,unused_universal_recommendation_vs_try_on_before_recommendation,short,conversational
pilot-v1-p006-s,설명서만 읽어 봤지만 조작이 쉬워 부모님 댁에도 바로 주문해 드려도 되겠습니다.,SUSPICIOUS,UNUSED_RECOMMENDATION,,electronics,synthetic,pilot-v1-p006,pilot-v1-family-006,medium,DRAFT,manual_only_purchase_nudge_vs_conditional_information_sharing,codex,,,,2026-10-03,,codex_generated_candidate,,True,manual_only_purchase_nudge_vs_conditional_information_sharing,medium,polite
pilot-v1-p006-n,설명서의 버튼 구성은 단순해 보입니다. 직접 조작해 본 뒤 부모님이 쓰기 편한지 말씀드리겠습니다.,NORMAL,UNUSED_RECOMMENDATION,,electronics,synthetic,pilot-v1-p006,pilot-v1-family-006,medium,DRAFT,manual_only_purchase_nudge_vs_conditional_information_sharing,codex,,,,2026-10-03,,codex_generated_candidate,,True,manual_only_purchase_nudge_vs_conditional_information_sharing,medium,polite
pilot-v1-p007-s,포장만 보고 냉장고에 넣어 두었습니다. 맛과 향이 누구에게나 부담 없을 구성이라 선물용을 찾는 분께 권하고 싶습니다.,SUSPICIOUS,UNUSED_RECOMMENDATION,,food,synthetic,pilot-v1-p007,pilot-v1-family-007,hard,DRAFT,untried_gift_recommendation_vs_recipient_feedback_requirement,codex,,,,2026-10-03,,codex_generated_candidate,,True,untried_gift_recommendation_vs_recipient_feedback_requirement,long,polite
pilot-v1-p007-n,포장 상태는 깔끔해서 냉장고에 넣어 두었습니다. 맛과 향은 먹어 본 가족의 반응을 확인한 뒤 선물용으로 권할지 정하겠습니다.,NORMAL,UNUSED_RECOMMENDATION,,food,synthetic,pilot-v1-p007,pilot-v1-family-007,hard,DRAFT,untried_gift_recommendation_vs_recipient_feedback_requirement,codex,,,,2026-10-03,,codex_generated_candidate,,True,untried_gift_recommendation_vs_recipient_feedback_requirement,long,polite
pilot-v1-p008-s,성분표만 확인했는데 민감한 분도 걱정 없이 고를 수 있겠어요. 고민 중인 동료에게 이걸 사라고 했습니다.,SUSPICIOUS,UNUSED_RECOMMENDATION,,cosmetics_health,synthetic,pilot-v1-p008,pilot-v1-family-008,medium,DRAFT,ingredient_list_purchase_advice_vs_patch_test_first,codex,,,,2026-10-03,,codex_generated_candidate,,True,ingredient_list_purchase_advice_vs_patch_test_first,medium,conversational
pilot-v1-p008-n,성분표에는 피하고 싶은 향료가 없네요. 제 피부에 먼저 시험한 뒤 민감한 동료에게 정보를 전하려고요.,NORMAL,UNUSED_RECOMMENDATION,,cosmetics_health,synthetic,pilot-v1-p008,pilot-v1-family-008,medium,DRAFT,ingredient_list_purchase_advice_vs_patch_test_first,codex,,,,2026-10-03,,codex_generated_candidate,,True,ingredient_list_purchase_advice_vs_patch_test_first,medium,conversational
pilot-v1-p009-s,정리할 시간이 부족해서 이 수납함은 칸 구성만 잠깐 살펴봤어요. 아직 물건을 넣어 보진 않았지만 집안일을 줄이고 싶다면 더 비교할 필요 없이 꼭 필요한 선택입니다.,SUSPICIOUS,NATURAL_PROMOTIONAL,,household,synthetic,pilot-v1-p009,pilot-v1-family-009,medium,DRAFT,lifestyle_story_purchase_nudge_vs_personal_choice_without_nudge; revision_reason=text_observable_label,codex,,,,2026-10-03,,codex_generated_candidate,,True,lifestyle_story_purchase_nudge_vs_personal_choice_without_nudge,medium,conversational
pilot-v1-p009-n,정리할 시간이 부족해서 이 수납함에 주방 도구를 일주일 동안 넣어 봤어요. 제 물건 수에는 칸 구성이 잘 맞지만 큰 냄비가 많은 집에는 공간이 부족할 수 있습니다.,NORMAL,NATURAL_PROMOTIONAL,,household,synthetic,pilot-v1-p009,pilot-v1-family-009,medium,DRAFT,lifestyle_story_purchase_nudge_vs_personal_choice_without_nudge; revision_reason=text_observable_label,codex,,,,2026-10-03,,codex_generated_candidate,,True,lifestyle_story_purchase_nudge_vs_personal_choice_without_nudge,medium,conversational
pilot-v1-p010-s,매장에서 옷걸이에 걸린 모습만 보고 아직 입어 보지는 않았어요. 그래도 이 디자인은 계절과 자리를 가리지 않아 한 벌 마련해 두면 누구나 옷 고르기가 쉬워질 것 같습니다.,SUSPICIOUS,NATURAL_PROMOTIONAL,,fashion,synthetic,pilot-v1-p010,pilot-v1-family-010,hard,DRAFT,subtle_wardrobe_nudge_vs_experience_bounded_preference; revision_reason=text_observable_label,codex,,,,2026-10-03,,codex_generated_candidate,,True,subtle_wardrobe_nudge_vs_experience_bounded_preference,long,polite
pilot-v1-p010-n,옷을 고를 때 손이 자주 가는지가 중요해서 일주일 동안 세 번 입어 봤습니다. 제 출근복에는 잘 맞았지만 격식을 차리는 자리에는 캐주얼해 보입니다.,NORMAL,NATURAL_PROMOTIONAL,,fashion,synthetic,pilot-v1-p010,pilot-v1-family-010,hard,DRAFT,subtle_wardrobe_nudge_vs_experience_bounded_preference; revision_reason=text_observable_label,codex,,,,2026-10-03,,codex_generated_candidate,,True,subtle_wardrobe_nudge_vs_experience_bounded_preference,long,polite
pilot-v1-p011-s,포장에 적힌 맛 설명과 간식 구성만 봤고 아직 먹어 보진 않았어요. 그래도 단맛이 누구에게나 알맞을 테니 간식 고민 없이 장바구니에 담아도 됩니다.,SUSPICIOUS,NATURAL_PROMOTIONAL,,food,synthetic,pilot-v1-p011,pilot-v1-family-011,easy,DRAFT,soft_cart_nudge_vs_personal_taste_boundary; revision_reason=text_observable_label,codex,,,,2026-10-03,,codex_generated_candidate,,True,soft_cart_nudge_vs_personal_taste_boundary,short,concise
pilot-v1-p011-n,이 간식을 직접 먹어 보니 단맛이 약하고 구성은 간단해서 제 입에는 잘 맞았어요. 진한 맛이나 다양한 식감을 좋아하면 심심하게 느낄 수 있습니다.,NORMAL,NATURAL_PROMOTIONAL,,food,synthetic,pilot-v1-p011,pilot-v1-family-011,easy,DRAFT,soft_cart_nudge_vs_personal_taste_boundary; revision_reason=text_observable_label,codex,,,,2026-10-03,,codex_generated_candidate,,True,soft_cart_nudge_vs_personal_taste_boundary,short,concise
pilot-v1-p012-s,전원을 잠깐 켜서 기본 화면만 확인했고 세부 기능은 아직 사용하지 않았어요. 그래도 조작이 누구에게나 편할 테니 더 비교하지 않고 선택해도 될 전자제품입니다.,SUSPICIOUS,NATURAL_PROMOTIONAL,,electronics,synthetic,pilot-v1-p012,pilot-v1-family-012,hard,DRAFT,convenience_promise_as_purchase_reason_vs_observed_limit; revision_reason=text_observable_label,codex,,,,2026-10-03,,codex_generated_candidate,,True,convenience_promise_as_purchase_reason_vs_observed_limit,medium,polite
pilot-v1-p012-n,이 전자제품을 사흘 동안 사용해 보니 기본 화면과 자주 쓰는 기능은 조작하기 편했습니다. 세부 설정과 장시간 사용 때의 안정성은 더 확인해야 합니다.,NORMAL,NATURAL_PROMOTIONAL,,electronics,synthetic,pilot-v1-p012,pilot-v1-family-012,hard,DRAFT,convenience_promise_as_purchase_reason_vs_observed_limit; revision_reason=text_observable_label,codex,,,,2026-10-03,,codex_generated_candidate,,True,convenience_promise_as_purchase_reason_vs_observed_limit,medium,polite
pilot-v1-p013-s,한 번 켜 보니 반응이 빠르네요. 누구나 오래 고장 걱정 없이 쓸 기기입니다.,SUSPICIOUS,PROMOTION_EXPERIENCE_MIX,,electronics,synthetic,pilot-v1-p013,pilot-v1-family-013,easy,DRAFT,single_observation_to_universal_lifetime_claim_vs_limited_first_use,codex,,,,2026-10-03,,codex_generated_candidate,,True,single_observation_to_universal_lifetime_claim_vs_limited_first_use,short,concise
pilot-v1-p013-n,한 번 켜 보니 반응은 빨랐어요. 발열과 배터리는 더 사용해 봐야 알겠습니다.,NORMAL,PROMOTION_EXPERIENCE_MIX,,electronics,synthetic,pilot-v1-p013,pilot-v1-family-013,easy,DRAFT,single_observation_to_universal_lifetime_claim_vs_limited_first_use,codex,,,,2026-10-03,,codex_generated_candidate,,True,single_observation_to_universal_lifetime_claim_vs_limited_first_use,short,concise
pilot-v1-p014-s,포장이 단단하게 와서 믿음이 갔어요. 이 정도면 설치부터 관리까지 어떤 집에서도 번거로울 일이 없겠네요.,SUSPICIOUS,PROMOTION_EXPERIENCE_MIX,,household,synthetic,pilot-v1-p014,pilot-v1-family-014,medium,DRAFT,packaging_impression_to_total_convenience_vs_observed_packaging_only,codex,,,,2026-10-03,,codex_generated_candidate,,True,packaging_impression_to_total_convenience_vs_observed_packaging_only,medium,conversational
pilot-v1-p014-n,포장이 단단하게 와서 파손은 없었어요. 설치와 관리가 편한지는 주말에 조립해 보고 적으려고요.,NORMAL,PROMOTION_EXPERIENCE_MIX,,household,synthetic,pilot-v1-p014,pilot-v1-family-014,medium,DRAFT,packaging_impression_to_total_convenience_vs_observed_packaging_only,codex,,,,2026-10-03,,codex_generated_candidate,,True,packaging_impression_to_total_convenience_vs_observed_packaging_only,medium,conversational
pilot-v1-p015-s,손등에 한 번 펴 발랐는데 흡수가 빠르고 산뜻했습니다. 꾸준히 바르면 피부 타입과 관계없이 유수분 균형이 안정될 제품이라고 봅니다.,SUSPICIOUS,PROMOTION_EXPERIENCE_MIX,,cosmetics_health,synthetic,pilot-v1-p015,pilot-v1-family-015,hard,DRAFT,brief_texture_test_to_broad_skin_outcome_vs_bounded_observation,codex,,,,2026-10-03,,codex_generated_candidate,,True,brief_texture_test_to_broad_skin_outcome_vs_bounded_observation,long,polite
pilot-v1-p015-n,손등에 한 번 펴 발랐는데 흡수가 빠르고 산뜻했습니다. 얼굴에 사용할 때 자극이나 보습 지속력이 어떤지는 아직 판단하기 어렵습니다.,NORMAL,PROMOTION_EXPERIENCE_MIX,,cosmetics_health,synthetic,pilot-v1-p015,pilot-v1-family-015,hard,DRAFT,brief_texture_test_to_broad_skin_outcome_vs_bounded_observation,codex,,,,2026-10-03,,codex_generated_candidate,,True,brief_texture_test_to_broad_skin_outcome_vs_bounded_observation,long,polite
pilot-v1-p016-s,소매 길이만 확인했는데 실루엣이 깔끔합니다. 체형을 타지 않아 옷 고르기 어려운 분도 만족하겠습니다.,SUSPICIOUS,PROMOTION_EXPERIENCE_MIX,,fashion,synthetic,pilot-v1-p016,pilot-v1-family-016,medium,DRAFT,minor_fit_check_to_universal_recommendation_vs_body_specific_result,codex,,,,2026-10-03,,codex_generated_candidate,,True,minor_fit_check_to_universal_recommendation_vs_body_specific_result,medium,polite
pilot-v1-p016-n,소매 길이와 어깨선을 확인하니 제 체형에는 잘 맞습니다. 다른 체형에서도 같은 핏인지는 모르겠습니다.,NORMAL,PROMOTION_EXPERIENCE_MIX,,fashion,synthetic,pilot-v1-p016,pilot-v1-family-016,medium,DRAFT,minor_fit_check_to_universal_recommendation_vs_body_specific_result,codex,,,,2026-10-03,,codex_generated_candidate,,True,minor_fit_check_to_universal_recommendation_vs_body_specific_result,medium,polite
pilot-v1-p017-s,포장의 영양정보만 읽었고 아직 먹지는 않았어요. 그래도 이 균형 잡힌 영양 구성이면 먹는 날부터 하루 컨디션이 확실히 가벼워집니다.,SUSPICIOUS,FEATURE_AS_PERSONAL_EXPERIENCE,,food,synthetic,pilot-v1-p017,pilot-v1-family-017,easy,DRAFT,package_feature_as_consumed_effect_vs_actual_taste_observation; revision_reason=text_observable_label,codex,,,,2026-10-03,,codex_generated_candidate,,True,package_feature_as_consumed_effect_vs_actual_taste_observation,short,concise
pilot-v1-p017-n,이 제품을 아침에 사흘 동안 먹어 보니 점심 전 허기는 덜했어요. 하루 컨디션 전체가 달라졌는지는 아직 판단하기 어렵습니다.,NORMAL,FEATURE_AS_PERSONAL_EXPERIENCE,,food,synthetic,pilot-v1-p017,pilot-v1-family-017,easy,DRAFT,package_feature_as_consumed_effect_vs_actual_taste_observation; revision_reason=text_observable_label,codex,,,,2026-10-03,,codex_generated_candidate,,True,package_feature_as_consumed_effect_vs_actual_taste_observation,short,concise
pilot-v1-p018-s,진정 성분과 보습 성분만 확인했고 얼굴에는 아직 사용하지 않았어요. 그래도 바르면 피부 속 균형이 바로 채워져 하루 종일 편안함이 이어집니다.,SUSPICIOUS,FEATURE_AS_PERSONAL_EXPERIENCE,,cosmetics_health,synthetic,pilot-v1-p018,pilot-v1-family-018,medium,DRAFT,ingredient_benefits_as_personal_result_vs_observed_skin_response; revision_reason=text_observable_label,codex,,,,2026-10-03,,codex_generated_candidate,,True,ingredient_benefits_as_personal_result_vs_observed_skin_response,medium,polite
pilot-v1-p018-n,이 제품을 저녁마다 일주일 사용하니 바른 직후 당김은 줄었습니다. 하루 종일 보습이 유지되는지와 붉은 기 변화는 아직 확인하지 못했습니다.,NORMAL,FEATURE_AS_PERSONAL_EXPERIENCE,,cosmetics_health,synthetic,pilot-v1-p018,pilot-v1-family-018,medium,DRAFT,ingredient_benefits_as_personal_result_vs_observed_skin_response; revision_reason=text_observable_label,codex,,,,2026-10-03,,codex_generated_candidate,,True,ingredient_benefits_as_personal_result_vs_observed_skin_response,medium,polite
pilot-v1-p019-s,넓은 입구와 분리 구조만 살펴봤고 아직 물건을 넣거나 씻어 보지는 않았어요. 그래도 이 구조면 설거지부터 보관까지 제 생활을 알아서 정돈해 매일의 번거로움이 사라집니다.,SUSPICIOUS,FEATURE_AS_PERSONAL_EXPERIENCE,,household,synthetic,pilot-v1-p019,pilot-v1-family-019,hard,DRAFT,catalog_features_as_lived_convenience_vs_specific_use_evidence; revision_reason=text_observable_label,codex,,,,2026-10-03,,codex_generated_candidate,,True,catalog_features_as_lived_convenience_vs_specific_use_evidence,long,conversational
pilot-v1-p019-n,넓은 입구라 수세미가 안쪽까지 닿았고 분리 부품도 물로 쉽게 씻겼어요. 다만 건조할 때는 부품을 따로 펼쳐 둘 공간이 필요했습니다.,NORMAL,FEATURE_AS_PERSONAL_EXPERIENCE,,household,synthetic,pilot-v1-p019,pilot-v1-family-019,hard,DRAFT,catalog_features_as_lived_convenience_vs_specific_use_evidence; revision_reason=text_observable_label,codex,,,,2026-10-03,,codex_generated_candidate,,True,catalog_features_as_lived_convenience_vs_specific_use_evidence,long,conversational
pilot-v1-p020-s,원단과 밑창을 손으로 잠깐 확인했을 뿐 아직 신어 보지는 않았어요. 그래도 가벼운 원단과 유연한 밑창이 아침부터 저녁까지 발의 피로를 확실히 덜어 줍니다.,SUSPICIOUS,FEATURE_AS_PERSONAL_EXPERIENCE,,fashion,synthetic,pilot-v1-p020,pilot-v1-family-020,hard,DRAFT,material_description_as_all_day_result_vs_measured_wear_experience; revision_reason=text_observable_label,codex,,,,2026-10-03,,codex_generated_candidate,,True,material_description_as_all_day_result_vs_measured_wear_experience,long,polite
pilot-v1-p020-n,이 신발을 출근길과 점심시간에 합쳐 세 시간 정도 신었습니다. 원단은 가볍고 밑창은 유연했지만 발볼은 오후에 조금 조였습니다.,NORMAL,FEATURE_AS_PERSONAL_EXPERIENCE,,fashion,synthetic,pilot-v1-p020,pilot-v1-family-020,hard,DRAFT,material_description_as_all_day_result_vs_measured_wear_experience; revision_reason=text_observable_label,codex,,,,2026-10-03,,codex_generated_candidate,,True,material_description_as_all_day_result_vs_measured_wear_experience,long,polite
pilot-v1-p021-s,,SUSPICIOUS,EXPERIENCE_FREE_CLAIM,,cosmetics_health,PENDING_HUMAN,pilot-v1-p021,pilot-v1-family-021,easy,DRAFT,TODO: human author and two reviewers must complete,,,,,2026-10-03,,human_placeholder,,False,TODO,TODO,TODO
pilot-v1-p021-n,,NORMAL,EXPERIENCE_FREE_CLAIM,,cosmetics_health,PENDING_HUMAN,pilot-v1-p021,pilot-v1-family-021,easy,DRAFT,TODO: human author and two reviewers must complete,,,,,2026-10-03,,human_placeholder,,False,TODO,TODO,TODO
pilot-v1-p022-s,,SUSPICIOUS,EXPERIENCE_FREE_CLAIM,,food,PENDING_HUMAN,pilot-v1-p022,pilot-v1-family-022,medium,DRAFT,TODO: human author and two reviewers must complete,,,,,2026-10-03,,human_placeholder,,False,TODO,TODO,TODO
pilot-v1-p022-n,,NORMAL,EXPERIENCE_FREE_CLAIM,,food,PENDING_HUMAN,pilot-v1-p022,pilot-v1-family-022,medium,DRAFT,TODO: human author and two reviewers must complete,,,,,2026-10-03,,human_placeholder,,False,TODO,TODO,TODO
pilot-v1-p023-s,,SUSPICIOUS,EXPERIENCE_FREE_CLAIM,,fashion,PENDING_HUMAN,pilot-v1-p023,pilot-v1-family-023,hard,DRAFT,TODO: human author and two reviewers must complete,,,,,2026-10-03,,human_placeholder,,False,TODO,TODO,TODO
pilot-v1-p023-n,,NORMAL,EXPERIENCE_FREE_CLAIM,,fashion,PENDING_HUMAN,pilot-v1-p023,pilot-v1-family-023,hard,DRAFT,TODO: human author and two reviewers must complete,,,,,2026-10-03,,human_placeholder,,False,TODO,TODO,TODO
pilot-v1-p024-s,,SUSPICIOUS,EXPERIENCE_FREE_CLAIM,,household,PENDING_HUMAN,pilot-v1-p024,pilot-v1-family-024,medium,DRAFT,TODO: human author and two reviewers must complete,,,,,2026-10-03,,human_placeholder,,False,TODO,TODO,TODO
pilot-v1-p024-n,,NORMAL,EXPERIENCE_FREE_CLAIM,,household,PENDING_HUMAN,pilot-v1-p024,pilot-v1-family-024,medium,DRAFT,TODO: human author and two reviewers must complete,,,,,2026-10-03,,human_placeholder,,False,TODO,TODO,TODO
pilot-v1-p025-s,,SUSPICIOUS,EXPERIENCE_FREE_CLAIM,,electronics,PENDING_HUMAN,pilot-v1-p025,pilot-v1-family-025,hard,DRAFT,TODO: human author and two reviewers must complete,,,,,2026-10-03,,human_placeholder,,False,TODO,TODO,TODO
pilot-v1-p025-n,,NORMAL,EXPERIENCE_FREE_CLAIM,,electronics,PENDING_HUMAN,pilot-v1-p025,pilot-v1-family-025,hard,DRAFT,TODO: human author and two reviewers must complete,,,,,2026-10-03,,human_placeholder,,False,TODO,TODO,TODO
pilot-v1-p026-s,,SUSPICIOUS,EXPERIENCE_FREE_CLAIM,,mixed,PENDING_HUMAN,pilot-v1-p026,pilot-v1-family-026,easy,DRAFT,TODO: human author and two reviewers must complete,,,,,2026-10-03,,human_placeholder,,False,TODO,TODO,TODO
pilot-v1-p026-n,,NORMAL,EXPERIENCE_FREE_CLAIM,,mixed,PENDING_HUMAN,pilot-v1-p026,pilot-v1-family-026,easy,DRAFT,TODO: human author and two reviewers must complete,,,,,2026-10-03,,human_placeholder,,False,TODO,TODO,TODO
pilot-v1-p027-s,,SUSPICIOUS,UNUSED_RECOMMENDATION,,cosmetics_health,PENDING_HUMAN,pilot-v1-p027,pilot-v1-family-027,easy,DRAFT,TODO: human author and two reviewers must complete,,,,,2026-10-03,,human_placeholder,,False,TODO,TODO,TODO
pilot-v1-p027-n,,NORMAL,UNUSED_RECOMMENDATION,,cosmetics_health,PENDING_HUMAN,pilot-v1-p027,pilot-v1-family-027,easy,DRAFT,TODO: human author and two reviewers must complete,,,,,2026-10-03,,human_placeholder,,False,TODO,TODO,TODO
pilot-v1-p028-s,,SUSPICIOUS,UNUSED_RECOMMENDATION,,food,PENDING_HUMAN,pilot-v1-p028,pilot-v1-family-028,medium,DRAFT,TODO: human author and two reviewers must complete,,,,,2026-10-03,,human_placeholder,,False,TODO,TODO,TODO
pilot-v1-p028-n,,NORMAL,UNUSED_RECOMMENDATION,,food,PENDING_HUMAN,pilot-v1-p028,pilot-v1-family-028,medium,DRAFT,TODO: human author and two reviewers must complete,,,,,2026-10-03,,human_placeholder,,False,TODO,TODO,TODO
pilot-v1-p029-s,,SUSPICIOUS,UNUSED_RECOMMENDATION,,fashion,PENDING_HUMAN,pilot-v1-p029,pilot-v1-family-029,hard,DRAFT,TODO: human author and two reviewers must complete,,,,,2026-10-03,,human_placeholder,,False,TODO,TODO,TODO
pilot-v1-p029-n,,NORMAL,UNUSED_RECOMMENDATION,,fashion,PENDING_HUMAN,pilot-v1-p029,pilot-v1-family-029,hard,DRAFT,TODO: human author and two reviewers must complete,,,,,2026-10-03,,human_placeholder,,False,TODO,TODO,TODO
pilot-v1-p030-s,,SUSPICIOUS,UNUSED_RECOMMENDATION,,household,PENDING_HUMAN,pilot-v1-p030,pilot-v1-family-030,medium,DRAFT,TODO: human author and two reviewers must complete,,,,,2026-10-03,,human_placeholder,,False,TODO,TODO,TODO
pilot-v1-p030-n,,NORMAL,UNUSED_RECOMMENDATION,,household,PENDING_HUMAN,pilot-v1-p030,pilot-v1-family-030,medium,DRAFT,TODO: human author and two reviewers must complete,,,,,2026-10-03,,human_placeholder,,False,TODO,TODO,TODO
pilot-v1-p031-s,,SUSPICIOUS,UNUSED_RECOMMENDATION,,electronics,PENDING_HUMAN,pilot-v1-p031,pilot-v1-family-031,hard,DRAFT,TODO: human author and two reviewers must complete,,,,,2026-10-03,,human_placeholder,,False,TODO,TODO,TODO
pilot-v1-p031-n,,NORMAL,UNUSED_RECOMMENDATION,,electronics,PENDING_HUMAN,pilot-v1-p031,pilot-v1-family-031,hard,DRAFT,TODO: human author and two reviewers must complete,,,,,2026-10-03,,human_placeholder,,False,TODO,TODO,TODO
pilot-v1-p032-s,,SUSPICIOUS,UNUSED_RECOMMENDATION,,mixed,PENDING_HUMAN,pilot-v1-p032,pilot-v1-family-032,easy,DRAFT,TODO: human author and two reviewers must complete,,,,,2026-10-03,,human_placeholder,,False,TODO,TODO,TODO
pilot-v1-p032-n,,NORMAL,UNUSED_RECOMMENDATION,,mixed,PENDING_HUMAN,pilot-v1-p032,pilot-v1-family-032,easy,DRAFT,TODO: human author and two reviewers must complete,,,,,2026-10-03,,human_placeholder,,False,TODO,TODO,TODO
pilot-v1-p033-s,,SUSPICIOUS,NATURAL_PROMOTIONAL,,cosmetics_health,PENDING_HUMAN,pilot-v1-p033,pilot-v1-family-033,easy,DRAFT,TODO: human author and two reviewers must complete,,,,,2026-10-03,,human_placeholder,,False,TODO,TODO,TODO
pilot-v1-p033-n,,NORMAL,NATURAL_PROMOTIONAL,,cosmetics_health,PENDING_HUMAN,pilot-v1-p033,pilot-v1-family-033,easy,DRAFT,TODO: human author and two reviewers must complete,,,,,2026-10-03,,human_placeholder,,False,TODO,TODO,TODO
pilot-v1-p034-s,,SUSPICIOUS,NATURAL_PROMOTIONAL,,food,PENDING_HUMAN,pilot-v1-p034,pilot-v1-family-034,medium,DRAFT,TODO: human author and two reviewers must complete,,,,,2026-10-03,,human_placeholder,,False,TODO,TODO,TODO
pilot-v1-p034-n,,NORMAL,NATURAL_PROMOTIONAL,,food,PENDING_HUMAN,pilot-v1-p034,pilot-v1-family-034,medium,DRAFT,TODO: human author and two reviewers must complete,,,,,2026-10-03,,human_placeholder,,False,TODO,TODO,TODO
pilot-v1-p035-s,,SUSPICIOUS,NATURAL_PROMOTIONAL,,fashion,PENDING_HUMAN,pilot-v1-p035,pilot-v1-family-035,hard,DRAFT,TODO: human author and two reviewers must complete,,,,,2026-10-03,,human_placeholder,,False,TODO,TODO,TODO
pilot-v1-p035-n,,NORMAL,NATURAL_PROMOTIONAL,,fashion,PENDING_HUMAN,pilot-v1-p035,pilot-v1-family-035,hard,DRAFT,TODO: human author and two reviewers must complete,,,,,2026-10-03,,human_placeholder,,False,TODO,TODO,TODO
pilot-v1-p036-s,,SUSPICIOUS,NATURAL_PROMOTIONAL,,household,PENDING_HUMAN,pilot-v1-p036,pilot-v1-family-036,medium,DRAFT,TODO: human author and two reviewers must complete,,,,,2026-10-03,,human_placeholder,,False,TODO,TODO,TODO
pilot-v1-p036-n,,NORMAL,NATURAL_PROMOTIONAL,,household,PENDING_HUMAN,pilot-v1-p036,pilot-v1-family-036,medium,DRAFT,TODO: human author and two reviewers must complete,,,,,2026-10-03,,human_placeholder,,False,TODO,TODO,TODO
pilot-v1-p037-s,,SUSPICIOUS,NATURAL_PROMOTIONAL,,electronics,PENDING_HUMAN,pilot-v1-p037,pilot-v1-family-037,hard,DRAFT,TODO: human author and two reviewers must complete,,,,,2026-10-03,,human_placeholder,,False,TODO,TODO,TODO
pilot-v1-p037-n,,NORMAL,NATURAL_PROMOTIONAL,,electronics,PENDING_HUMAN,pilot-v1-p037,pilot-v1-family-037,hard,DRAFT,TODO: human author and two reviewers must complete,,,,,2026-10-03,,human_placeholder,,False,TODO,TODO,TODO
pilot-v1-p038-s,,SUSPICIOUS,NATURAL_PROMOTIONAL,,mixed,PENDING_HUMAN,pilot-v1-p038,pilot-v1-family-038,easy,DRAFT,TODO: human author and two reviewers must complete,,,,,2026-10-03,,human_placeholder,,False,TODO,TODO,TODO
pilot-v1-p038-n,,NORMAL,NATURAL_PROMOTIONAL,,mixed,PENDING_HUMAN,pilot-v1-p038,pilot-v1-family-038,easy,DRAFT,TODO: human author and two reviewers must complete,,,,,2026-10-03,,human_placeholder,,False,TODO,TODO,TODO
pilot-v1-p039-s,,SUSPICIOUS,PROMOTION_EXPERIENCE_MIX,,cosmetics_health,PENDING_HUMAN,pilot-v1-p039,pilot-v1-family-039,easy,DRAFT,TODO: human author and two reviewers must complete,,,,,2026-10-03,,human_placeholder,,False,TODO,TODO,TODO
pilot-v1-p039-n,,NORMAL,PROMOTION_EXPERIENCE_MIX,,cosmetics_health,PENDING_HUMAN,pilot-v1-p039,pilot-v1-family-039,easy,DRAFT,TODO: human author and two reviewers must complete,,,,,2026-10-03,,human_placeholder,,False,TODO,TODO,TODO
pilot-v1-p040-s,,SUSPICIOUS,PROMOTION_EXPERIENCE_MIX,,food,PENDING_HUMAN,pilot-v1-p040,pilot-v1-family-040,medium,DRAFT,TODO: human author and two reviewers must complete,,,,,2026-10-03,,human_placeholder,,False,TODO,TODO,TODO
pilot-v1-p040-n,,NORMAL,PROMOTION_EXPERIENCE_MIX,,food,PENDING_HUMAN,pilot-v1-p040,pilot-v1-family-040,medium,DRAFT,TODO: human author and two reviewers must complete,,,,,2026-10-03,,human_placeholder,,False,TODO,TODO,TODO
pilot-v1-p041-s,,SUSPICIOUS,PROMOTION_EXPERIENCE_MIX,,fashion,PENDING_HUMAN,pilot-v1-p041,pilot-v1-family-041,hard,DRAFT,TODO: human author and two reviewers must complete,,,,,2026-10-03,,human_placeholder,,False,TODO,TODO,TODO
pilot-v1-p041-n,,NORMAL,PROMOTION_EXPERIENCE_MIX,,fashion,PENDING_HUMAN,pilot-v1-p041,pilot-v1-family-041,hard,DRAFT,TODO: human author and two reviewers must complete,,,,,2026-10-03,,human_placeholder,,False,TODO,TODO,TODO
pilot-v1-p042-s,,SUSPICIOUS,PROMOTION_EXPERIENCE_MIX,,household,PENDING_HUMAN,pilot-v1-p042,pilot-v1-family-042,medium,DRAFT,TODO: human author and two reviewers must complete,,,,,2026-10-03,,human_placeholder,,False,TODO,TODO,TODO
pilot-v1-p042-n,,NORMAL,PROMOTION_EXPERIENCE_MIX,,household,PENDING_HUMAN,pilot-v1-p042,pilot-v1-family-042,medium,DRAFT,TODO: human author and two reviewers must complete,,,,,2026-10-03,,human_placeholder,,False,TODO,TODO,TODO
pilot-v1-p043-s,,SUSPICIOUS,PROMOTION_EXPERIENCE_MIX,,electronics,PENDING_HUMAN,pilot-v1-p043,pilot-v1-family-043,hard,DRAFT,TODO: human author and two reviewers must complete,,,,,2026-10-03,,human_placeholder,,False,TODO,TODO,TODO
pilot-v1-p043-n,,NORMAL,PROMOTION_EXPERIENCE_MIX,,electronics,PENDING_HUMAN,pilot-v1-p043,pilot-v1-family-043,hard,DRAFT,TODO: human author and two reviewers must complete,,,,,2026-10-03,,human_placeholder,,False,TODO,TODO,TODO
pilot-v1-p044-s,,SUSPICIOUS,PROMOTION_EXPERIENCE_MIX,,mixed,PENDING_HUMAN,pilot-v1-p044,pilot-v1-family-044,easy,DRAFT,TODO: human author and two reviewers must complete,,,,,2026-10-03,,human_placeholder,,False,TODO,TODO,TODO
pilot-v1-p044-n,,NORMAL,PROMOTION_EXPERIENCE_MIX,,mixed,PENDING_HUMAN,pilot-v1-p044,pilot-v1-family-044,easy,DRAFT,TODO: human author and two reviewers must complete,,,,,2026-10-03,,human_placeholder,,False,TODO,TODO,TODO
pilot-v1-p045-s,,SUSPICIOUS,FEATURE_AS_PERSONAL_EXPERIENCE,,cosmetics_health,PENDING_HUMAN,pilot-v1-p045,pilot-v1-family-045,easy,DRAFT,TODO: human author and two reviewers must complete,,,,,2026-10-03,,human_placeholder,,False,TODO,TODO,TODO
pilot-v1-p045-n,,NORMAL,FEATURE_AS_PERSONAL_EXPERIENCE,,cosmetics_health,PENDING_HUMAN,pilot-v1-p045,pilot-v1-family-045,easy,DRAFT,TODO: human author and two reviewers must complete,,,,,2026-10-03,,human_placeholder,,False,TODO,TODO,TODO
pilot-v1-p046-s,,SUSPICIOUS,FEATURE_AS_PERSONAL_EXPERIENCE,,food,PENDING_HUMAN,pilot-v1-p046,pilot-v1-family-046,medium,DRAFT,TODO: human author and two reviewers must complete,,,,,2026-10-03,,human_placeholder,,False,TODO,TODO,TODO
pilot-v1-p046-n,,NORMAL,FEATURE_AS_PERSONAL_EXPERIENCE,,food,PENDING_HUMAN,pilot-v1-p046,pilot-v1-family-046,medium,DRAFT,TODO: human author and two reviewers must complete,,,,,2026-10-03,,human_placeholder,,False,TODO,TODO,TODO
pilot-v1-p047-s,,SUSPICIOUS,FEATURE_AS_PERSONAL_EXPERIENCE,,fashion,PENDING_HUMAN,pilot-v1-p047,pilot-v1-family-047,hard,DRAFT,TODO: human author and two reviewers must complete,,,,,2026-10-03,,human_placeholder,,False,TODO,TODO,TODO
pilot-v1-p047-n,,NORMAL,FEATURE_AS_PERSONAL_EXPERIENCE,,fashion,PENDING_HUMAN,pilot-v1-p047,pilot-v1-family-047,hard,DRAFT,TODO: human author and two reviewers must complete,,,,,2026-10-03,,human_placeholder,,False,TODO,TODO,TODO
pilot-v1-p048-s,,SUSPICIOUS,FEATURE_AS_PERSONAL_EXPERIENCE,,household,PENDING_HUMAN,pilot-v1-p048,pilot-v1-family-048,medium,DRAFT,TODO: human author and two reviewers must complete,,,,,2026-10-03,,human_placeholder,,False,TODO,TODO,TODO
pilot-v1-p048-n,,NORMAL,FEATURE_AS_PERSONAL_EXPERIENCE,,household,PENDING_HUMAN,pilot-v1-p048,pilot-v1-family-048,medium,DRAFT,TODO: human author and two reviewers must complete,,,,,2026-10-03,,human_placeholder,,False,TODO,TODO,TODO
pilot-v1-p049-s,,SUSPICIOUS,FEATURE_AS_PERSONAL_EXPERIENCE,,electronics,PENDING_HUMAN,pilot-v1-p049,pilot-v1-family-049,hard,DRAFT,TODO: human author and two reviewers must complete,,,,,2026-10-03,,human_placeholder,,False,TODO,TODO,TODO
pilot-v1-p049-n,,NORMAL,FEATURE_AS_PERSONAL_EXPERIENCE,,electronics,PENDING_HUMAN,pilot-v1-p049,pilot-v1-family-049,hard,DRAFT,TODO: human author and two reviewers must complete,,,,,2026-10-03,,human_placeholder,,False,TODO,TODO,TODO
pilot-v1-p050-s,,SUSPICIOUS,FEATURE_AS_PERSONAL_EXPERIENCE,,mixed,PENDING_HUMAN,pilot-v1-p050,pilot-v1-family-050,easy,DRAFT,TODO: human author and two reviewers must complete,,,,,2026-10-03,,human_placeholder,,False,TODO,TODO,TODO
pilot-v1-p050-n,,NORMAL,FEATURE_AS_PERSONAL_EXPERIENCE,,mixed,PENDING_HUMAN,pilot-v1-p050,pilot-v1-family-050,easy,DRAFT,TODO: human author and two reviewers must complete,,,,,2026-10-03,,human_placeholder,,False,TODO,TODO,TODO
